CITY,STATE
Adair Village,Oregon
Albany,Oregon
Amity,Oregon
Antelope,Oregon
Aumsville,Oregon
Aurora,Oregon
Baker City,Oregon
Beaver,Oregon
Brooks,Oregon
Brownsville,Oregon
Canyon City,Oregon
Cloverdale,Oregon
Corvallis,Oregon
Culver,Oregon
Dallas,Oregon
Dayton,Oregon
Dayville,Oregon
Depoe Bay,Oregon
Detroit,Oregon
Detroit Lake,Oregon
Donald,Oregon
Falls City,Oregon
Fossil,Oregon
Four Corners,Oregon
Gates,Oregon
Gervais,Oregon
Grand Ronde,Oregon
Granite,Oregon
Green PeterLake,Oregon
Greenhorn,Oregon
Haines,Oregon
Halfway,Oregon
Halsey,Oregon
Hebo,Oregon
Hubbard,Oregon
Huntington,Oregon
Idanha,Oregon
Independence,Oregon
Jefferson,Oregon
John Day Fossil Beds NM,Oregon
John Day,Oregon
Keizer,Oregon
Labish Village,Oregon
Lafayette,Oregon
Lake Billy Chinook,Oregon
Lebanon,Oregon
Lincoln Beach,Oregon
Lincoln City,Oregon
Long Creek,Oregon
Lyons,Oregon
Madras,Oregon
Marion,Oregon
McDowell Creek Co. Park,Oregon
McMinnville,Oregon
Mehama,Oregon
Metolius,Oregon
Mill City,Oregon
Millersburg,Oregon
Mitchell,Oregon
Molalla,Oregon
Monmouth,Oregon
Monument,Oregon
Mt. Angel,Oregon
Mt. Vernon,Oregon
Neskowin,Oregon
Newport,Oregon
Ontario,Oregon
Otter Rock,Oregon
Pacific City,Oregon
Painted Hills SP,Oregon
Phillips Reservoir,Oregon
Philomath,Oregon
Pine Grove,Oregon
Prairie City,Oregon
Prineville,Oregon
Redmond,Oregon
Richland,Oregon
Rickreall,Oregon
Rose Lodge,Oregon
S. Lebanon,Oregon
Salem,Oregon
Scio,Oregon
Scots Mills,Oregon
Seneca,Oregon
Shaniko,Oregon
Sheridan,Oregon
Siletz,Oregon
Silver Falls SP,Oregon
Silverton,Oregon
Sisters,Oregon
Sodaville,Oregon
Spray,Oregon
Stayton,Oregon
St. Paul,Oregon
Sublimity,Oregon
Sumpter,Oregon
Sweet Home,Oregon
Tangent,Oregon
Terrebonne,Oregon
The Cove Palisades SP,Oregon
Toledo,Oregon
Turner,Oregon
Unity,Oregon
Vale,Oregon
Waldport,Oregon
Warm Springs,Oregon
Waterloo,Oregon
Willamina,Oregon
Woodburn,Oregon
Yaquina Bay,Oregon
Ammon,Idaho
Arco,Idaho
Ashton,Idaho
Atomic City,Idaho
Butte City,Idaho
Cambridge,Idaho
Cascade,Idaho
Cascade Reservoir,Idaho
Challis,Idaho
Clayton,Idaho
Council,Idaho
Crane Creek Reservoir,Idaho
Crouch,Idaho
Deadwood Reservoir,Idaho
Donnelly,Idaho
Driggs,Idaho
Drummond,Idaho
Dubois,Idaho
Emmett,Idaho
Fruitland,Idaho
Hamer,Idaho
Horseshoe Bend,Idaho
Idaho City,Idaho
Idaho Falls,Idaho
Iona,Idaho
Irwin,Idaho
Jefferson Reservoir,Idaho
Ketchum,Idaho
Lewisville,Idaho
Lost River,Idaho
Mackay,Idaho
Menan,Idaho
Midvale,Idaho
Moore,Idaho
Mud Lake,Idaho
New Plymouth,Idaho
Newdale,Idaho
Palisades Reservoir,Idaho
Parker,Idaho
Payette,Idaho
Placerville,Idaho
Rexburg,Idaho
Rigby,Idaho
Roberts,Idaho
Shelley,Idaho
St. Anthony,Idaho
Stanley,Idaho
Sugar City,Idaho
Swan Valley,Idaho
Teton,Idaho
Tetonia,Idaho
Ucon,Idaho
Victor,Idaho
Warm River,Idaho
Weiser,Idaho
Alcova,Wyoming
Alpine,Wyoming
Alta,Wyoming
Antelope Hills,Wyoming
Arapahoe,Wyoming
Ayres Natural Bridge Park,Wyoming
Bar Nunn,Wyoming
Bessemer Bend,Wyoming
Bondurant,Wyoming
Boulder Flats,Wyoming
Boysen Reservoir,Wyoming
Bull Lake,Wyoming
Casper,Wyoming
Casper Mtn,Wyoming
Crowheart,Wyoming
Douglas,Wyoming
Dubois,Wyoming
Esterbrook,Wyoming
Ethete,Wyoming
Evansville,Wyoming
Ft. Laramie,Wyoming
Ft. Washakie,Wyoming
Glendo,Wyoming
Glendo SP,Wyoming
Glenrock,Wyoming
Grand Teton NP,Wyoming
Guernsey,Wyoming
Guernsey SP,Wyoming
Hartrandt,Wyoming
Hartville,Wyoming
Hoback,Wyoming
Homa Hills,Wyoming
Hudson,Wyoming
Huntley,Wyoming
Jackson Hole,Wyoming
Jackson Lake,Wyoming
Johnstown,Wyoming
Lander,Wyoming
Lingle,Wyoming
Lost Springs,Wyoming
Lusk,Wyoming
Manville,Wyoming
Meadow Acres,Wyoming
Mills,Wyoming
Mountain View,Wyoming
Ocean Lake,Wyoming
Pathfinder Reservoir,Wyoming
Pavillion,Wyoming
Powder River,Wyoming
Red Butte,Wyoming
Riverton,Wyoming
Rolling Hills,Wyoming
Shoshoni,Wyoming
Teton Village,Wyoming
Thermopolis,Wyoming
Torrington,Wyoming
Van Tassell,Wyoming
Veteran,Wyoming
Vista West,Wyoming
Wheatland,Wyoming
Willow Lake,Wyoming
Wilson,Wyoming
Yoder,Wyoming
Adams,Nebraska
Agate Fossil Beds NM,Nebraska
Alda,Nebraska
Alexandria,Nebraska
Alliance,Nebraska
Amherst,Nebraska
Anselmo,Nebraska
Ansley,Nebraska
Arcadia,Nebraska
Arnold,Nebraska
Arthur,Nebraska
Ashton,Nebraska
Auburn,Nebraska
Aurora,Nebraska
Ayr,Nebraska
Barneston,Nebraska
Bayard,Nebraska
Beatrice,Nebraska
Beaver Crossing,Nebraska
Bee,Nebraska
Belvidere,Nebraska
Benedict,Nebraska
Bennet,Nebraska
Berwyn,Nebraska
Blue Springs,Nebraska
Box Butte Res SP,Nebraska
Bradshaw,Nebraska
Brady,Nebraska
Branch Oak Lake SP,Nebraska
Bridgeport,Nebraska
Broadwater,Nebraska
Brock,Nebraska
Broken Bow,Nebraska
Brownville,Nebraska
Bruning,Nebraska
Burchard,Nebraska
Burr,Nebraska
Callaway,Nebraska
Carleton,Nebraska
Central City,Nebraska
Chapman,Nebraska
Chimney Rock,Nebraska
Cisco,Nebraska
Clarks,Nebraska
Clatonia,Nebraska
Clay Center,Nebraska
Comstock,Nebraska
Cook,Nebraska
Cordova,Nebraska
Cortland,Nebraska
Cotesfield,Nebraska
Cozad,Nebraska
Crab Orchard,Nebraska
Crawford,Nebraska
Crete,Nebraska
Cushing,Nebraska
Dannebrog,Nebraska
Dawson,Nebraska
De Witt,Nebraska
Denton,Nebraska
Deshler,Nebraska
Deweese,Nebraska
Diller,Nebraska
Doniphan,Nebraska
Dorchester,Nebraska
Douglas,Nebraska
Du Bois,Nebraska
Dunbar,Nebraska
Dunning,Nebraska
Eagle,Nebraska
Eddyville,Nebraska
Edgar,Nebraska
Elba,Nebraska
Elk Creek,Nebraska
Endicott,Nebraska
Exeter,Nebraska
Fairbury,Nebraska
Falls City,Nebraska
Farwell,Nebraska
Filley,Nebraska
Firth,Nebraska
Friend,Nebraska
Ft. Robinson SP,Nebraska
Gandy,Nebraska
Geneva,Nebraska
Gering,Nebraska
Gibbon,Nebraska
Gilead,Nebraska
Giltner,Nebraska
Glenvil,Nebraska
Goehner,Nebraska
Gothenburg,Nebraska
Grafton,Nebraska
Grand Island,Nebraska
Gresham,Nebraska
Hallam,Nebraska
Halsey,Nebraska
Hampton,Nebraska
Harbine,Nebraska
Harrison,Nebraska
Harvard,Nebraska
Hastings,Nebraska
Hazard,Nebraska
Hebron,Nebraska
Hemingford,Nebraska
Henderson,Nebraska
Henry,Nebraska
Hershey,Nebraska
Hickman,Nebraska
Holstein,Nebraska
Hordville,Nebraska
Howard City,Nebraska
Humboldt,Nebraska
Hyannis,Nebraska
Indian Cave SP,Nebraska
Jansen,Nebraska
Johnson,Nebraska
Julian,Nebraska
Kearney,Nebraska
Kenesaw,Nebraska
Lake Minatere,Nebraska
Lewiston,Nebraska
Lexington,Nebraska
Liberty,Nebraska
Lincoln,Nebraska
Litchfield,Nebraska
Lorton,Nebraska
Loup City,Nebraska
Lushton,Nebraska
Lyman,Nebraska
Malcolm,Nebraska
Minatare,Nebraska
Marquette,Nebraska
Mason City,Nebraska
Maxwell,Nebraska
McCool Junction,Nebraska
McGrew,Nebraska
Melbeta,Nebraska
Merna,Nebraska
Milford,Nebraska
Miller,Nebraska
Milligan,Nebraska
Minatare,Nebraska
Minden,Nebraska
Mitchell,Nebraska
Morrill,Nebraska
Mullen,Nebraska
Norman,Nebraska
North Platte,Nebraska
Oconto,Nebraska
Odell,Nebraska
Ohiowa,Nebraska
Ong,Nebraska
Osceola,Nebraska
Overton,Nebraska
Palmer,Nebraska
Palmyra,Nebraska
Panama,Nebraska
Pawnee City,Nebraska
Peru,Nebraska
Phillips,Nebraska
Pickrell,Nebraska
Pleasant Dale,Nebraska
Pleasanton,Nebraska
Plymouth,Nebraska
Polk,Nebraska
Ravenna,Nebraska
Reynolds,Nebraska
Riverdale,Nebraska
Roca,Nebraska
Rockville,Nebraska
Rulo,Nebraska
Salem,Nebraska
Sargent,Nebraska
Saronville,Nebraska
Scotia,Nebraska
Scottsbluff,Nebraska
Seneca,Nebraska
Seward,Nebraska
Shelton,Nebraska
Sherman Res,Nebraska
Shickley,Nebraska
Shubert,Nebraska
Sprague,Nebraska
St. Paul,Nebraska
Staplehurst,Nebraska
Stapleton,Nebraska
Steele City,Nebraska
Steinauer,Nebraska
Stella,Nebraska
Sterling,Nebraska
Stockham,Nebraska
Strang,Nebraska
Stromsburg,Nebraska
Sumner,Nebraska
Sutherland,Nebraska
Sutton,Nebraska
Swanton,Nebraska
Syracuse,Nebraska
Table Rock,Nebraska
Talmage,Nebraska
Tecumseh,Nebraska
Thedford,Nebraska
Trumbull,Nebraska
Tryon,Nebraska
Unadilla,Nebraska
Utica,Nebraska
Verdon,Nebraska
Virginia,Nebraska
Waco,Nebraska
Western,Nebraska
Wilber,Nebraska
Wolbach,Nebraska
Wood River,Nebraska
Wymore,Nebraska
Atchison,Kansas
Axtell,Kansas
Beattie,Kansas
Bern,Kansas
Centralia,Kansas
Corning,Kansas
Denton,Kansas
Easton,Kansas
Effingham,Kansas
Everest,Kansas
Fairview,Kansas
Goff,Kansas
Hamlin,Kansas
Hanover,Kansas
Hiawatha,Kansas
Highland,Kansas
Hollenberg,Kansas
Horton,Kansas
Huron,Kansas
Lancaster,Kansas
Lansing,Kansas
Leavenworth,Kansas
Leona,Kansas
Marysville,Kansas
Morrill,Kansas
Netawaka,Kansas
Nortonville,Kansas
Oketo,Kansas
Oneida,Kansas
Robinson,Kansas
Sabetha,Kansas
Seneca,Kansas
Severance,Kansas
Summerfield,Kansas
Troy,Kansas
Vermillion,Kansas
Wathena,Kansas
Wetmore,Kansas
White Cloud,Kansas
Whiting,Kansas
Agency,Missouri
Altamont,Missouri
Altenburg,Missouri
Amazonia,Missouri
Armstrong,Missouri
Arnold,Missouri
Arrow Rock,Missouri
Ashland,Missouri
August Busch Wildlife Area,Missouri
Augusta,Missouri
Auxvasse,Missouri
Ballwin,Missouri
Barnard,Missouri
Barnhart,Missouri
Bates City,Missouri
Belle,Missouri
Bellflower,Missouri
Benton City,Missouri
Berger,Missouri
Biehle,Missouri
Big Lake,Missouri
Bigelow,Missouri
Bismarck,Missouri
Blackwater,Missouri
Bland,Missouri
Bloomsdale,Missouri
Blue Springs,Missouri
Bogard,Missouri
Bolckow,Missouri
Bonne Terre,Missouri
Boonville,Missouri
Bosworth,Missouri
Bourbon,Missouri
Braymer,Missouri
Breckenridge,Missouri
Brunswick,Missouri
Buckner,Missouri
Bunceton,Missouri
California,Missouri
Camden Point,Missouri
Cameron,Missouri
Cape Girardeau,Missouri
Carrollton,Missouri
Cedar Hill,Missouri
Centertown,Missouri
Centralia,Missouri
Chamois,Missouri
Chesterfield,Missouri
Chillicothe,Missouri
Clark,Missouri
Clarksburg,Missouri
Clarksdale,Missouri
Clifton Hill,Missouri
Columbia,Missouri
Concordia,Missouri
Corning,Missouri
Cosby,Missouri
Cowgill,Missouri
Craig,Missouri
Creve Coeur,Missouri
Crystal City,Missouri
Crystal Lakes,Missouri
Cuba,Missouri
Dalton,Missouri
De Soto,Missouri
De Witt,Missouri
Dearborn,Missouri
Desloge,Missouri
Dover,Missouri
Edgerton,Missouri
Edmund BablerMem SP,Missouri
Eureka,Missouri
Excelsior Springs,Missouri
Fairfax,Missouri
Farmington,Missouri
Fayette,Missouri
Fenton,Missouri
Festus,Missouri
Foristell,Missouri
Fortescue,Missouri
Franklin,Missouri
Fredericktown,Missouri
Frohna,Missouri
Fulton,Missouri
Gallatin,Missouri
Gasconde,Missouri
Gerald,Missouri
Gilliam,Missouri
Gladstone,Missouri
Glasgow,Missouri
Gordonville,Missouri
Gower,Missouri
Graham,Missouri
Grain Valley,Missouri
Guilford,Missouri
Guthrie,Missouri
Hale,Missouri
Hallsville,Missouri
Hamilton,Missouri
Hawn SP,Missouri
Hermann,Missouri
Higbee,Missouri
Higginsville,Missouri
High Ridge,Missouri
Hillsboro,Missouri
Holt,Missouri
Holts Summit,Missouri
Houstonia,Missouri
Hughesville,Missouri
Huntsville,Missouri
Iatan,Missouri
Imperial,Missouri
Independence,Missouri
Innsbrook,Missouri
Jackson,Missouri
Jamestown,Missouri
Jefferson City,Missouri
Kansas City,Missouri
Kearney,Missouri
Kelso,Missouri
Keytesville,Missouri
Kidder,Missouri
King City,Missouri
Kingdom City,Missouri
Kingston,Missouri
Kirkwood,Missouri
Knob Noster,Missouri
La Monte,Missouri
Lake Mykee Town,Missouri
Lake St. Louis,Missouri
Lathrop,Missouri
Lawson,Missouri
Lewis and Clark Village,Missouri
Lexington,Missouri
Liberty,Missouri
Linn,Missouri
Lithium,Missouri
Lock Springs,Missouri
Lohman,Missouri
Longtown,Missouri
Ludlow,Missouri
Lupus,Missouri
Maitland,Missouri
Marshall,Missouri
Marthasville,Missouri
Maryland Heights,Missouri
Maysville,Missouri
McBaine,Missouri
Mehlville,Missouri
MeremecSP,Missouri
Meta,Missouri
Mexico,Missouri
Miami,Missouri
Mineral Point,Missouri
Miramiguoa Park,Missouri
Moberly,Missouri
Mokane,Missouri
Montgomery City,Missouri
Mooresville,Missouri
Morrison,Missouri
Mound City,Missouri
Nelson,Missouri
New Bloomfield,Missouri
New Florence,Missouri
New Franklin,Missouri
New Haven,Missouri
New Melle,Missouri
Norborne,Missouri
Oak Grove,Missouri
Oakville,Missouri
Odessa,Missouri
O'Fallon,Missouri
Olean,Missouri
Oregon,Missouri
Orrick,Missouri
Otterville,Missouri
Owensville,Missouri
Pacific,Missouri
Park Hills,Missouri
Parkway,Missouri
Pattonsburg,Missouri
Perryville,Missouri
Pershing SP,Missouri
Pevely,Missouri
Pilot Grove,Missouri
Platte City,Missouri
Plattsburg,Missouri
Polo,Missouri
Potosi,Missouri
Prairie Home,Missouri
Quitman,Missouri
Rayville,Missouri
Rea,Missouri
Renick,Missouri
Rhineland,Missouri
Richmond,Missouri
Ridgely,Missouri
Rocheport,Missouri
Rock Point,Missouri
RockPort,Missouri
Rosendale,Missouri
Rothville,Missouri
Russellville,Missouri
Salisbury,Missouri
Savannah,Missouri
Scott City,Missouri
Sedalia,Missouri
Sedgewickville,Missouri
Sibley,Missouri
Silver Lake,Missouri
Skidmore,Missouri
Slater,Missouri
Smithton,Missouri
Smithville,Missouri
Smithville Reservoir,Missouri
St. Louis,Missouri
St. Clair,Missouri
St. Cloud,Missouri
St. Francois SP,Missouri
St. Joe SP,Missouri
St. Joseph,Missouri
St. Martins,Missouri
St. Mary,Missouri
Ste. Genevieve,Missouri
Stanberry,Missouri
Steelville,Missouri
Stewartsville,Missouri
Sturgeon,Missouri
Sullivan,Missouri
Sumner,Missouri
Sweet Springs,Missouri
Syracuse,Missouri
Taos,Missouri
Tarkio,Missouri
Tina,Missouri
Tipton,Missouri
Trimble,Missouri
Triplett,Missouri
Truxton,Missouri
Turney,Missouri
Union,Missouri
Utica,Missouri
Vienna,Missouri
Villa Ridge,Missouri
Wardsville,Missouri
Warrenton,Missouri
Washington,Missouri
Washington SP,Missouri
Watson,Missouri
Weatherby,Missouri
Wellsville,Missouri
Wentzville,Missouri
Weston,Missouri
Westphalia,Missouri
Wheeling,Missouri
Wildwood,Missouri
Winston,Missouri
Wright City,Missouri
Alto Pass,Illinois
Anna,Illinois
Ava,Illinois
Baldwin Lake,Illinois
Belknap,Illinois
Belleville,Illinois
Benton,Illinois
Buncombe,Illinois
Cahokia,Illinois
Campbell Hill,Illinois
Carbondale,Illinois
Carrier Mills,Illinois
Carterville,Illinois
Cave-in-Rock,Illinois
Cedar Lake,Illinois
Chester,Illinois
Christopher,Illinois
Cobden,Illinois
Coulterville,Illinois
Crab Orchard Lake,Illinois
Creal Springs,Illinois
Cypress,Illinois
De Soto,Illinois
Dongola,Illinois
Du Quoin,Illinois
E St. Louis,Illinois
Eddyville,Illinois
Eldorado,Illinois
Elizabethtown,Illinois
Elkville,Illinois
Equality,Illinois
Evansville,Illinois
Freeburg,Illinois
Fults,Illinois
Galatia,Illinois
Giant City SP,Illinois
Golconda,Illinois
Goreville,Illinois
Gorham,Illinois
Grand Tower,Illinois
Harrisburg,Illinois
Hecker,Illinois
Herrin,Illinois
Jonesboro,Illinois
Joppa,Illinois
Junction,Illinois
Karnak,Illinois
Kaskaskia,Illinois
Kinkaid Lake,Illinois
Lake of Egypt,Illinois
Makanda,Illinois
Marion,Illinois
Marissa,Illinois
Metropolis,Illinois
Mill Creek,Illinois
Millstadt,Illinois
Mound City,Illinois
Mounds,Illinois
Murphysboro,Illinois
New Athens,Illinois
"OlmstedOlmsted",Illinois
Pinckneyville,Illinois
Prairie du Rocher,Illinois
Pulaski,Illinois
Pyramid SP,Illinois
Red Bud,Illinois
Rend Lake,Illinois
Ridgway,Illinois
Rosiclare,Illinois
Ruma,Illinois
Sesser,Illinois
Shawneetown,Illinois
Simpson,Illinois
Sparta,Illinois
St. Libory,Illinois
Stonefort,Illinois
Tamaroa,Illinois
Tamms,Illinois
Thebes,Illinois
Tilden,Illinois
Ullin,Illinois
Vergennes,Illinois
Vienna,Illinois
W. Frankfort,Illinois
Waterloo,Illinois
Adairville,Kentucky
Allensville,Kentucky
Auburn,Kentucky
Axe Lake,Kentucky
Barlow,Kentucky
Barren River Lake,Kentucky
Benton,Kentucky
Bowling Green,Kentucky
Cadiz,Kentucky
Calvert City,Kentucky
Carrsville,Kentucky
Central City,Kentucky
Clay,Kentucky
Crofton,Kentucky
Dawson Springs,Kentucky
Dixon,Kentucky
Drakesboro,Kentucky
Dycusburg,Kentucky
Earlington,Kentucky
Eddyville,Kentucky
Elkton,Kentucky
Fairview (Christian Co.),Kentucky
Fountain Run,Kentucky
Franklin,Kentucky
Fredonia,Kentucky
Gamaliel,Kentucky
Grand Rivers,Kentucky
Greenville,Kentucky
Guthrie,Kentucky
Hanson,Kentucky
Hendron,Kentucky
Hopkinsville,Kentucky
Kentucky Lake,Kentucky
Kevil,Kentucky
Kuttawa,Kentucky
La Center,Kentucky
Lake Barkley,Kentucky
Lake Barkley Resort SP,Kentucky
Lewisburg,Kentucky
Madisonville,Kentucky
Marion,Kentucky
Massac,Kentucky
MortonsGap,Kentucky
Nebo,Kentucky
Oak Grove,Kentucky
Paducah,Kentucky
Pembroke,Kentucky
Powderly,Kentucky
Princeton,Kentucky
Providence,Kentucky
Rochester,Kentucky
Russellville,Kentucky
Salem,Kentucky
Scottsville,Kentucky
Smithland,Kentucky
St. Charles,Kentucky
St. Elmo,Kentucky
Sturgis,Kentucky
Tompkinsville,Kentucky
Trenton,Kentucky
Wheatcroft,Kentucky
White Plains,Kentucky
Woodburn,Kentucky
Adams,Tennessee
Alcoa,Tennessee
Alexandria,Tennessee
Algood,Tennessee
Ashland City,Tennessee
Athens,Tennessee
Auburntown,Tennessee
Baxter,Tennessee
Brentwood,Tennessee
Carthage,Tennessee
Cedar Hill,Tennessee
Cedars of Lebanon SP,Tennessee
Celina,Tennessee
Center Hill Lake,Tennessee
Charleston,Tennessee
Clarksville,Tennessee
Cleveland,Tennessee
Cookeville,Tennessee
Coopertown,Tennessee
Copperhill,Tennessee
Cordell Hull Lake,Tennessee
Crab Orchard,Tennessee
Crossville,Tennessee
Cumberland City,Tennessee
Dayton,Tennessee
Decatur,Tennessee
Dover,Tennessee
Dowelltown,Tennessee
Doyle,Tennessee
Dunlap,Tennessee
Eagleton Village,Tennessee
Edgar Evins SP,Tennessee
Englewood,Tennessee
Etowah,Tennessee
Fairfield Glade,Tennessee
Fall Creek Falls SP,Tennessee
Farragut,Tennessee
Friendsville,Tennessee
Gainesboro,Tennessee
Gallatin,Tennessee
Gatlinburg,Tennessee
Goodlettsville,Tennessee
Gordonsville,Tennessee
Graysville,Tennessee
Greenback,Tennessee
Greenbrier,Tennessee
Harriman,Tennessee
Hartsville,Tennessee
Hendersonville,Tennessee
Hopewell,Tennessee
J Percy Priest Res,Tennessee
Kingston,Tennessee
Kingston Springs,Tennessee
La Vergne,Tennessee
Lafayette,Tennessee
Lake Tansi,Tennessee
Lebanon,Tennessee
Lenoir City,Tennessee
Liberty,Tennessee
Livingston,Tennessee
Loudon,Tennessee
Louisville,Tennessee
Madisonville,Tennessee
Maryville,Tennessee
McMinnville,Tennessee
Midtown,Tennessee
Millersville,Tennessee
Mitchellville,Tennessee
Monterey,Tennessee
Morrison,Tennessee
Mt. Juliet,Tennessee
Murfreesboro,Tennessee
Nashville,Tennessee
Niota,Tennessee
Nolensville,Tennessee
Oak Ridge,Tennessee
Oakdale,Tennessee
Oliver Springs,Tennessee
Orlinda,Tennessee
Philadelphia,Tennessee
Pikeville,Tennessee
Pleasant View,Tennessee
Portland,Tennessee
Red Boiling Springs,Tennessee
Ridgetop,Tennessee
Rockford,Tennessee
Rockwood,Tennessee
Rural Hill,Tennessee
Slayden,Tennessee
Smoky Mtns NP,Tennessee
Smyrna,Tennessee
Soddy-Daisy,Tennessee
Sparta,Tennessee
Spencer,Tennessee
Spring City,Tennessee
Springfield,Tennessee
Standing Stone SP,Tennessee
Sunbright,Tennessee
Sweetwater,Tennessee
Tellico Lake,Tennessee
Tellico Plains,Tennessee
Townsend,Tennessee
Walterhill,Tennessee
Wartburg,Tennessee
Watertown,Tennessee
Westmoreland,Tennessee
White House,Tennessee
Woodbury,Tennessee
Baldwin,Georgia
Blairsville,Georgia
Blue Ridge,Georgia
Carnesville,Georgia
Clarkesville,Georgia
Clayton,Georgia
Cleveland,Georgia
Cornelia,Georgia
Demorest,Georgia
Dillard,Georgia
Gumlog,Georgia
Hartwell,Georgia
Hartwell Lake,Georgia
Helen,Georgia
Hiawasee,Georgia
Lake Burton,Georgia
Martin,Georgia
McCaysville,Georgia
Morganton,Georgia
Nottely Lake,Georgia
Royston,Georgia
Sky Valley,Georgia
Tallulah Falls,Georgia
Tiger,Georgia
Toccoa,Georgia
Young Harris,Georgia
Andrews,North Carolina
Brevard,North Carolina
Bryson City,North Carolina
Cashiers,North Carolina
Chatuge Lake,North Carolina
Cullowhee,North Carolina
Dillsboro,North Carolina
Fontana Lake,North Carolina
Franklin,North Carolina
Hayesville,North Carolina
Highlands,North Carolina
Hiwassee Lake,North Carolina
Lake Santeetlah,North Carolina
Maggie Valley,North Carolina
Murphy,North Carolina
Robbinsville,North Carolina
Rosman,North Carolina
Smoky Mtns NP,North Carolina
Sylva,North Carolina
Webster,North Carolina
Abbeville,South Carolina
Anderson,South Carolina
Andrews,South Carolina
Antreville,South Carolina
Awendaw,South Carolina
Bamberg,South Carolina
Batesburg-Leesville,South Carolina
Belton,South Carolina
Blackville,South Carolina
Blythewood,South Carolina
Bonneau,South Carolina
Bowman,South Carolina
Bradley,South Carolina
Branchville,South Carolina
Brookdale,South Carolina
Buffalo,South Carolina
Caesar's Head SP,South Carolina
Calhoun Falls,South Carolina
Camden,South Carolina
Cameron,South Carolina
Carlisle,South Carolina
Cayce,South Carolina
Centerville,South Carolina
Central,South Carolina
Chapin,South Carolina
Charleston,South Carolina
Cherryvale,South Carolina
Clemson,South Carolina
Clinton,South Carolina
Columbia,South Carolina
Congaree Swamp NM,South Carolina
Cope,South Carolina
Cordova,South Carolina
Cottageville,South Carolina
Cross Hill,South Carolina
Dalzell,South Carolina
Denmark,South Carolina
Dentsville,South Carolina
Donalds,South Carolina
Due West,South Carolina
Duncan,South Carolina
Easley,South Carolina
Eastover,South Carolina
Edgefield,South Carolina
Elgin,South Carolina
Elloree,South Carolina
Eutawville,South Carolina
Fountain Inn,South Carolina
Gantt,South Carolina
Gaston,South Carolina
Georgetown,South Carolina
Gilbert,South Carolina
Goose Creek,South Carolina
Gray Court,South Carolina
Greeleyville,South Carolina
Greenville,South Carolina
Greenwood,South Carolina
Greer,South Carolina
Hanahan,South Carolina
Harleyville,South Carolina
Hartwell Lake,South Carolina
Hodges,South Carolina
Holly Hill,South Carolina
Honea Path,South Carolina
Irmo,South Carolina
Isle of Palms,South Carolina
Iva,South Carolina
Jamestown,South Carolina
Joanna,South Carolina
Johnston,South Carolina
Kingstree,South Carolina
Ladson,South Carolina
Lake Jocassee,South Carolina
Lake Keowee,South Carolina
Lake Marion,South Carolina
Lake Moultrie,South Carolina
Lake Murray,South Carolina
Lakewood,South Carolina
Lane,South Carolina
Laurens,South Carolina
Lexington,South Carolina
Liberty,South Carolina
Little Mountain,South Carolina
Livingston,South Carolina
Lugoff,South Carolina
Lyman,South Carolina
Manning,South Carolina
Martin,South Carolina
Mauldin,South Carolina
Mayesville,South Carolina
McClellanville,South Carolina
Monarch Mill,South Carolina
Moncks Corner,South Carolina
Monetta,South Carolina
Monticello Res,South Carolina
Mountville,South Carolina
Mt. Pleasant,South Carolina
Mt. Carmel,South Carolina
Neeses,South Carolina
Newberry,South Carolina
Ninety Six,South Carolina
North,South Carolina
North Charleston,South Carolina
Norway,South Carolina
Orangeburg,South Carolina
Paris Mtn SP,South Carolina
Pawley's Island,South Carolina
Paxville,South Carolina
Peak,South Carolina
Pelion,South Carolina
Pendleton,South Carolina
Perry,South Carolina
Pickens,South Carolina
Piedmont,South Carolina
Pinewood,South Carolina
Plum Branch,South Carolina
Pomaria,South Carolina
Powderville,South Carolina
Princeton,South Carolina
Promised Land,South Carolina
Privateer,South Carolina
Prosperity,South Carolina
Rembert,South Carolina
Ridgeville,South Carolina
Ridgeway,South Carolina
Rowesville,South Carolina
Salem,South Carolina
Salley,South Carolina
Saluda,South Carolina
Santee,South Carolina
Santee SP,South Carolina
Seneca,South Carolina
Shiloh,South Carolina
Silverstreet,South Carolina
Simpsonville,South Carolina
Slater-Marietta,South Carolina
Springfield,South Carolina
St. Andrews,South Carolina
St. George,South Carolina
Starr,South Carolina
Stateburg,South Carolina
Summerton,South Carolina
Summerville,South Carolina
Summit,South Carolina
Sumter,South Carolina
Swansea,South Carolina
Table Rock SP,South Carolina
Taylors,South Carolina
Travelers Rest,South Carolina
Trenton,South Carolina
Turbeville,South Carolina
Union,South Carolina
Vance,South Carolina
Wagener,South Carolina
Walhalla,South Carolina
Ward,South Carolina
,South Carolina
Ware Shoals,South Carolina
Waterloo,South Carolina
Watts Mills,South Carolina
Wellford,South Carolina
West Union,South Carolina
Westminster,South Carolina
Whitmire,South Carolina
Williamston,South Carolina
Willington,South Carolina
Winnsboro,South Carolina
Winnsboro Mills,South Carolina
Woodford,South Carolina
Woodruff,South Carolina
,
,
,
,
,
,
,
,
,
,
,
,
,
,
,
,
,
,
,
,
,
,
,
,
,
,
,
,
,
,
,
,
,
,
,
,
,
,
,
,
,
,
,
,
,
,
,
,
,
,
,
,
,
,
,
,
,
,
,
,
,
,
,
,
,
,
,
,
,
,
,
,
,
,
,
,
,
,
,
,
,
,
,
,
,
,
,
,
,
,
,
,
,
,
,
,
,
,
,
,
,
,
,
,
,
,
,
,
,
,
,
,
,
,
,
,
,
,
,
,
,
,
,
,
,
,
,
,
,
,
,
,
,
,
,
,
,
,
,
,
,
,
,
,
,
,
,
,
,
,
,
,
,
,
,
,
,
,
,
,
,
,
,
,
,
,
,
,
,
,
,
,
,
,
,
,
,
,
,
,
,
,
,
,
,
,
,
,
,
,
,
,
,
,
,
,
,
,
,
,
,
,
,
,
,
,
,
,
,
,
,
,
,
,
,
,
,
,
,
,
,
,
,
,
,
,
,
,
,
,
,
,
,
,
,
,
,
,
,
,
,
,
,
,
,
,
,
,
,
,
,
,
,
,
,
,
,
,
,
,
,
,
,
,
,
,
,
,
,
,
,
,
,
,
,
,
,
,
,
,
,
,
,
,
,
,
,
,
,
,
,
,
,
,
,
,
,
,
,
,
,
,
,
,
,
,
,
,
,
,
,
,
,
,
,
,
,
,
,
,
,
,
,
,
,
,
,
,
,
,
,
,
,
,
,
,
,
,
,
,
,
,
,
,
,
,
,
,
,
,
,
,
,
,
,
,
,
,
,
,
,
,
,
,
,
,
,
,
,
,
,
,
,
,
,
,
,
,
,
,
,
,
,
,
,
,
,
,
,
,
,
,
,
,
,
,
,
,
,
,
,
,
,
,
,
,
,
,
,
,
,
,
,
,
,
,
,
,
,
,
,
,
,
,
,
,
,
,
,
,
,
,
,
,
,
,
,
,
,
,
,
,
,
,
,
,
,
,
,
,
,
,
,
,
,
,
,
,
,
,
,
,
,
,
,
,
,
,
,
,
,
,
,
,
,
,
,
,
,
,
,
,
,
,
,
,
,
,
,
,
,
,
,
,
,
,
,
,
,
,
,
,
,
,
,
,
,
,
,
,
,
,
,
,
,
,
,
,
,
,
,
,
,
,
,
,
,
,
,
,
,
,
,
,
,
,
,
,
,
,
,
,
,
,
,
,
,
,
,
,
,
,
,
,
,
,
,
,
,
,
,
,
,
,
,
,
,
,
,
,
,
,
,
,
,
,
,
,
,
,
,
,
,
,
,
,
,
,
,
,
,
,
,
,
,
,
,
,
,
,
,
,
,
,
,
,
,
,
,
,
,
,
,
,
,
,
,
,
,
,
,
,
,
,
,
,
,
,
,
,
,
,
,
,
,
,
,
,
,
,
,
,
,
,
,
,
,
,
,
,
,
,
,
,
,
,
,
,
,
,
,
,
,
,
,
,
,
,
,
,
,
,
,
,
,
,
,
,
,
,
,
,
,
,
,
,
,
,
,
,
,
,
,
,
,
,
,
,
,
,
,
,
,
,
,
,
,
,
,
,
,
,
,
,
,
,
,
,
,
,
,
,
,
,
,
,
,
,
,
,
,
,
,
,
,
,
,
,
,
,
,
,
,
,
,
,
,
,
,
,
,
,
,
,
,
,
,
,
,
,
,
,
,
,
,
,
,
,
,
,
,
,
,
,
,
,
,
,
,
,
,